{
  "encoder": "facebook/dinov2-base",
  "use_lora": false,
  "classifier": "mlp",
  "pooling": "cls",
  "epochs": 6,
  "batch_size": 16,
  "test_metrics": {
    "accuracy": 0.7360980207351555,
    "precision_macro": 0.7189699864054099,
    "recall_macro": 0.7058240702079511,
    "f1_macro": 0.7008245614023232,
    "kappa_quadratic": 0.7543313045316036,
    "confusion_matrix": [
      [
        589,
        44,
        7,
        4
      ],
      [
        57,
        299,
        31,
        6
      ],
      [
        80,
        175,
        560,
        38
      ],
      [
        21,
        9,
        88,
        114
      ]
    ],
    "auc_weighted": 0.9152343292048395
  }
}